<?xml version="1.0" encoding="UTF-8"?>
<beans xmlns="http://www.springframework.org/schema/beans"
	xmlns:xsi="http://www.w3.org/2001/XMLSchema-instance" xmlns:context="http://www.springframework.org/schema/context"
	xmlns:mvc="http://www.springframework.org/schema/mvc"
	xsi:schemaLocation="http://www.springframework.org/schema/mvc http://www.springframework.org/schema/mvc/spring-mvc-4.0.xsd
		http://www.springframework.org/schema/beans http://www.springframework.org/schema/beans/spring-beans-4.0.xsd
		http://www.springframework.org/schema/context http://www.springframework.org/schema/context/spring-context-4.0.xsd">

	<!-- 自动扫描且只扫描@Controller -->
	<context:component-scan base-package="com.miao"
		use-default-filters="false">
		<context:include-filter type="annotation"
			expression="org.springframework.stereotype.Controller" />
	</context:component-scan>

	<!-- 配置处理器映射器 --> 
	<bean
		class="org.springframework.web.servlet.mvc.method.annotation.RequestMappingHandlerMapping"></bean>

	<!-- 配置注解处理器适配器 功能：调用controller方法，执行controller -->
	<bean
		class="org.springframework.web.servlet.mvc.method.annotation.RequestMappingHandlerAdapter"></bean>


	<!-- 将无法mapping到Controller的path交给default servlet handler处理 -->
	<mvc:default-servlet-handler />
	<mvc:resources location="/static/" mapping="/static/**" />

	<!-- 视图解析器-->
	<bean
		class="org.springframework.web.servlet.view.InternalResourceViewResolver">
		<property name="prefix" value="/" />
		<property name="suffix" value=".jsp" />
	</bean>
</beans>
